Banking Employee ID,Banking Employee Name
BE01,Anthony Torres
BE02,Jonathan Hawkins
BE03,Anthony Berry
BE04,Steve Diaz
BE05,Shawn Long
BE06,Douglas Tucker
BE07,Bruce Butler
BE08,Joe Price
BE09,Adam Hernandez
BE10,Chris Armstrong
BE11,Joshua Ryan
BE12,Paul Larson
BE13,Mark Montgomery
BE14,Shawn Wallace
BE15,Ernest Rivera
BE16,Gregory Simmons
BE17,Frank Brown
BE18,Victor Martinez
BE19,Joe Hanson
BE20,George Lewis
BE21,Shawn Cook
BE22,Patrick Graham
BE23,Anthony Simpson
BE24,Raymond Alexander
BE25,Carl Nguyen
BE26,Joshua Little
BE27,Dennis Morris
BE28,Benjamin Kim
BE29,Nicholas Cunningham
BE30,Joshua Bennett
BE31,Phillip Peters
BE32,Jason Duncan
BE33,Jerry Green
BE34,Bobby Burton
BE35,Samuel Fowler
BE36,Stephen Payne
BE37,Jeremy Vasquez
BE38,Dennis Ruiz
BE39,Roger Alexander
BE40,Keith Griffin
BE41,Paul Holmes
BE42,Nicholas Simmons
BE43,James Castillo
BE44,Bruce Porter
BE45,Jesse Evans
BE46,Roy Rice
BE47,Todd Roberts
BE48,Donald Reynolds
BE49,Victor Ramos
